Train_ID,Department,Valid_From,Valid_Until,Status
HMRL-01,Rolling_Stock,2025-07-20,2026-07-20,Valid
HMRL-01,Signalling,2025-05-06,2026-05-06,Valid
HMRL-01,Telecom,2025-07-17,2026-07-17,Valid
HMRL-02,Rolling_Stock,2025-05-29,2026-05-29,Valid
HMRL-02,Signalling,2025-06-06,2026-06-06,Valid
HMRL-02,Telecom,2026-04-02,2027-04-02,Valid
HMRL-03,Rolling_Stock,2025-05-17,2026-05-17,Valid
HMRL-03,Signalling,2025-05-09,2026-05-09,Valid
HMRL-03,Telecom,2025-11-01,2026-11-01,Valid
HMRL-04,Rolling_Stock,2026-02-22,2027-02-22,Valid
HMRL-04,Signalling,2026-03-24,2027-03-24,Valid
HMRL-04,Telecom,2026-04-06,2027-04-06,Valid
HMRL-05,Rolling_Stock,2025-06-25,2026-06-25,Valid
HMRL-05,Signalling,2026-02-22,2027-02-22,Valid
HMRL-05,Telecom,2025-09-21,2026-09-21,Valid
HMRL-06,Rolling_Stock,2026-04-07,2027-04-07,Valid
HMRL-06,Signalling,2025-09-08,2026-09-08,Valid
HMRL-06,Telecom,2025-06-17,2026-06-17,Valid
HMRL-07,Rolling_Stock,2025-05-28,2026-05-28,Valid
HMRL-07,Signalling,2025-07-30,2026-07-30,Valid
HMRL-07,Telecom,2025-06-10,2026-06-10,Valid
HMRL-08,Rolling_Stock,2025-05-21,2026-05-21,Valid
HMRL-08,Signalling,2026-02-21,2027-02-21,Valid
HMRL-08,Telecom,2025-05-07,2026-05-07,Valid
HMRL-09,Rolling_Stock,2025-05-09,2026-05-09,Valid
HMRL-09,Signalling,2025-05-12,2026-05-12,Valid
HMRL-09,Telecom,2025-05-12,2026-05-12,Valid
HMRL-10,Rolling_Stock,2025-06-02,2026-06-02,Valid
HMRL-10,Signalling,2025-05-26,2026-05-26,Valid
HMRL-10,Telecom,2025-05-22,2026-05-22,Valid
HMRL-11,Rolling_Stock,2025-07-04,2026-07-04,Valid
HMRL-11,Signalling,2025-03-27,2026-03-27,Expired
HMRL-11,Telecom,2025-05-10,2026-05-10,Valid
HMRL-12,Rolling_Stock,2025-05-21,2026-05-21,Valid
HMRL-12,Signalling,2026-01-24,2027-01-24,Valid
HMRL-12,Telecom,2025-05-18,2026-05-18,Valid
HMRL-13,Rolling_Stock,2025-05-13,2026-05-13,Valid
HMRL-13,Signalling,2025-05-15,2026-05-15,Valid
HMRL-13,Telecom,2025-08-21,2026-08-21,Valid
HMRL-14,Rolling_Stock,2025-11-03,2026-11-03,Valid
HMRL-14,Signalling,2025-12-10,2026-12-10,Valid
HMRL-14,Telecom,2026-04-21,2027-04-21,Valid
HMRL-15,Rolling_Stock,2025-05-06,2026-05-06,Valid
HMRL-15,Signalling,2025-10-27,2026-10-27,Valid
HMRL-15,Telecom,2026-02-02,2027-02-02,Valid
HMRL-16,Rolling_Stock,2025-05-12,2026-05-12,Valid
HMRL-16,Signalling,2025-05-23,2026-05-23,Valid
HMRL-16,Telecom,2025-07-01,2026-07-01,Valid
HMRL-17,Rolling_Stock,2025-07-15,2026-07-15,Valid
HMRL-17,Signalling,2025-05-15,2026-05-15,Valid
HMRL-17,Telecom,2025-03-12,2026-03-12,Expired
HMRL-18,Rolling_Stock,2025-08-01,2026-08-01,Valid
HMRL-18,Signalling,2025-05-07,2026-05-07,Valid
HMRL-18,Telecom,2026-01-13,2027-01-13,Valid
HMRL-19,Rolling_Stock,2025-05-10,2026-05-10,Valid
HMRL-19,Signalling,2025-03-24,2026-03-24,Expired
HMRL-19,Telecom,2025-10-06,2026-10-06,Valid
HMRL-20,Rolling_Stock,2026-03-26,2027-03-26,Valid
HMRL-20,Signalling,2025-06-05,2026-06-05,Valid
HMRL-20,Telecom,2025-05-18,2026-05-18,Valid
HMRL-21,Rolling_Stock,2025-07-09,2026-07-09,Valid
HMRL-21,Signalling,2025-05-16,2026-05-16,Valid
HMRL-21,Telecom,2025-06-17,2026-06-17,Valid
HMRL-22,Rolling_Stock,2025-07-28,2026-07-28,Valid
HMRL-22,Signalling,2025-11-14,2026-11-14,Valid
HMRL-22,Telecom,2025-11-28,2026-11-28,Valid
HMRL-23,Rolling_Stock,2025-05-11,2026-05-11,Valid
HMRL-23,Signalling,2025-06-02,2026-06-02,Valid
HMRL-23,Telecom,2025-05-18,2026-05-18,Valid
HMRL-24,Rolling_Stock,2025-04-11,2026-04-11,Expired
HMRL-24,Signalling,2025-05-24,2026-05-24,Valid
HMRL-24,Telecom,2025-05-26,2026-05-26,Valid
HMRL-25,Rolling_Stock,2025-05-01,2026-05-01,Expired
HMRL-25,Signalling,2025-11-02,2026-11-02,Valid
HMRL-25,Telecom,2026-02-07,2027-02-07,Valid
HMRL-26,Rolling_Stock,2025-04-02,2026-04-02,Expired
HMRL-26,Signalling,2025-05-14,2026-05-14,Valid
HMRL-26,Telecom,2025-05-10,2026-05-10,Valid
HMRL-27,Rolling_Stock,2025-04-17,2026-04-17,Expired
HMRL-27,Signalling,2026-04-11,2027-04-11,Valid
HMRL-27,Telecom,2025-11-05,2026-11-05,Valid
HMRL-28,Rolling_Stock,2025-06-29,2026-06-29,Valid
HMRL-28,Signalling,2025-11-21,2026-11-21,Valid
HMRL-28,Telecom,2025-05-27,2026-05-27,Valid
HMRL-29,Rolling_Stock,2025-05-25,2026-05-25,Valid
HMRL-29,Signalling,2025-05-16,2026-05-16,Valid
HMRL-29,Telecom,2025-05-06,2026-05-06,Valid
HMRL-30,Rolling_Stock,2025-05-10,2026-05-10,Valid
HMRL-30,Signalling,2025-07-02,2026-07-02,Valid
HMRL-30,Telecom,2025-06-17,2026-06-17,Valid
HMRL-31,Rolling_Stock,2025-05-23,2026-05-23,Valid
HMRL-31,Signalling,2025-06-10,2026-06-10,Valid
HMRL-31,Telecom,2026-04-24,2027-04-24,Valid
HMRL-32,Rolling_Stock,2025-07-21,2026-07-21,Valid
HMRL-32,Signalling,2025-10-02,2026-10-02,Valid
HMRL-32,Telecom,2025-11-20,2026-11-20,Valid
HMRL-33,Rolling_Stock,2025-11-21,2026-11-21,Valid
HMRL-33,Signalling,2025-06-03,2026-06-03,Valid
HMRL-33,Telecom,2025-05-19,2026-05-19,Valid
HMRL-34,Rolling_Stock,2025-06-05,2026-06-05,Valid
HMRL-34,Signalling,2026-03-13,2027-03-13,Valid
HMRL-34,Telecom,2025-05-12,2026-05-12,Valid
HMRL-35,Rolling_Stock,2025-08-06,2026-08-06,Valid
HMRL-35,Signalling,2025-07-08,2026-07-08,Valid
HMRL-35,Telecom,2025-04-24,2026-04-24,Expired
HMRL-36,Rolling_Stock,2025-05-10,2026-05-10,Valid
HMRL-36,Signalling,2026-03-25,2027-03-25,Valid
HMRL-36,Telecom,2025-09-11,2026-09-11,Valid
HMRL-37,Rolling_Stock,2025-05-10,2026-05-10,Valid
HMRL-37,Signalling,2026-03-30,2027-03-30,Valid
HMRL-37,Telecom,2025-07-15,2026-07-15,Valid
HMRL-38,Rolling_Stock,2025-05-01,2026-05-01,Expired
HMRL-38,Signalling,2025-06-07,2026-06-07,Valid
HMRL-38,Telecom,2025-05-31,2026-05-31,Valid
HMRL-39,Rolling_Stock,2025-10-14,2026-10-14,Valid
HMRL-39,Signalling,2025-06-09,2026-06-09,Valid
HMRL-39,Telecom,2026-01-13,2027-01-13,Valid
HMRL-40,Rolling_Stock,2026-03-06,2027-03-06,Valid
HMRL-40,Signalling,2025-06-10,2026-06-10,Valid
HMRL-40,Telecom,2025-05-12,2026-05-12,Valid
HMRL-41,Rolling_Stock,2025-07-18,2026-07-18,Valid
HMRL-41,Signalling,2025-07-03,2026-07-03,Valid
HMRL-41,Telecom,2025-05-11,2026-05-11,Valid
HMRL-42,Rolling_Stock,2026-03-25,2027-03-25,Valid
HMRL-42,Signalling,2025-05-13,2026-05-13,Valid
HMRL-42,Telecom,2025-05-09,2026-05-09,Valid
HMRL-43,Rolling_Stock,2025-12-01,2026-12-01,Valid
HMRL-43,Signalling,2025-05-10,2026-05-10,Valid
HMRL-43,Telecom,2025-05-21,2026-05-21,Valid
HMRL-44,Rolling_Stock,2025-12-11,2026-12-11,Valid
HMRL-44,Signalling,2025-05-18,2026-05-18,Valid
HMRL-44,Telecom,2025-07-20,2026-07-20,Valid
HMRL-45,Rolling_Stock,2025-06-04,2026-06-04,Valid
HMRL-45,Signalling,2025-04-13,2026-04-13,Expired
HMRL-45,Telecom,2025-11-20,2026-11-20,Valid
HMRL-46,Rolling_Stock,2025-05-11,2026-05-11,Valid
HMRL-46,Signalling,2025-08-29,2026-08-29,Valid
HMRL-46,Telecom,2026-04-16,2027-04-16,Valid
HMRL-47,Rolling_Stock,2025-05-11,2026-05-11,Valid
HMRL-47,Signalling,2025-07-13,2026-07-13,Valid
HMRL-47,Telecom,2025-03-09,2026-03-09,Expired
HMRL-48,Rolling_Stock,2025-05-10,2026-05-10,Valid
HMRL-48,Signalling,2025-07-24,2026-07-24,Valid
HMRL-48,Telecom,2025-06-17,2026-06-17,Valid
HMRL-49,Rolling_Stock,2025-06-16,2026-06-16,Valid
HMRL-49,Signalling,2025-10-16,2026-10-16,Valid
HMRL-49,Telecom,2025-03-28,2026-03-28,Expired
HMRL-50,Rolling_Stock,2025-07-25,2026-07-25,Valid
HMRL-50,Signalling,2025-07-21,2026-07-21,Valid
HMRL-50,Telecom,2025-05-26,2026-05-26,Valid
HMRL-51,Rolling_Stock,2026-04-20,2027-04-20,Valid
HMRL-51,Signalling,2025-05-29,2026-05-29,Valid
HMRL-51,Telecom,2025-05-25,2026-05-25,Valid
HMRL-52,Rolling_Stock,2025-07-04,2026-07-04,Valid
HMRL-52,Signalling,2025-06-20,2026-06-20,Valid
HMRL-52,Telecom,2025-11-30,2026-11-30,Valid
HMRL-53,Rolling_Stock,2025-07-14,2026-07-14,Valid
HMRL-53,Signalling,2025-06-24,2026-06-24,Valid
HMRL-53,Telecom,2025-05-06,2026-05-06,Valid
HMRL-54,Rolling_Stock,2025-06-28,2026-06-28,Valid
HMRL-54,Signalling,2025-04-10,2026-04-10,Expired
HMRL-54,Telecom,2025-06-28,2026-06-28,Valid
HMRL-55,Rolling_Stock,2026-03-18,2027-03-18,Valid
HMRL-55,Signalling,2025-06-17,2026-06-17,Valid
HMRL-55,Telecom,2026-05-03,2027-05-03,Valid
HMRL-56,Rolling_Stock,2025-08-12,2026-08-12,Valid
HMRL-56,Signalling,2025-07-12,2026-07-12,Valid
HMRL-56,Telecom,2025-05-19,2026-05-19,Valid
HMRL-57,Rolling_Stock,2025-07-29,2026-07-29,Valid
HMRL-57,Signalling,2025-07-14,2026-07-14,Valid
HMRL-57,Telecom,2025-05-20,2026-05-20,Valid
HMRL-58,Rolling_Stock,2025-04-30,2026-04-30,Expired
HMRL-58,Signalling,2025-04-14,2026-04-14,Expired
HMRL-58,Telecom,2025-07-28,2026-07-28,Valid
HMRL-59,Rolling_Stock,2025-06-03,2026-06-03,Valid
HMRL-59,Signalling,2025-07-25,2026-07-25,Valid
HMRL-59,Telecom,2025-06-24,2026-06-24,Valid
HMRL-60,Rolling_Stock,2025-06-03,2026-06-03,Valid
HMRL-60,Signalling,2025-06-07,2026-06-07,Valid
HMRL-60,Telecom,2026-01-01,2027-01-01,Valid
